Hour,FFR_mean,FCRD_mean,FCRN_up_mean,FCRN_down_mean
2021-11-01T00:00:00.0,0.0,0.0,0.06600499999999819,0.23591416666666495
2021-11-01T01:00:00.0,0.0,0.0,0.23568595316797833,0.04166800922196392
2021-11-01T02:00:00.0,0.0,0.004004888753089893,0.5639437793394585,0.008441709952501203
2021-11-01T03:00:00.0,0.0,0.0,0.06632010221938253,0.2654192939085044
2021-11-01T04:00:00.0,0.0,0.0,0.004072664648204268,0.4856667870336987
2021-11-01T05:00:00.0,0.0,1.770833333332073e-5,0.10744555555555434,0.2687966666666739
2021-11-01T06:00:00.0,0.0,2.3611111111070975e-6,0.14232555555555426,0.13755861111111248
2021-11-01T07:00:00.0,0.0,0.0001868055555555201,0.25543888888889577,0.03904638888888754
2021-11-01T08:00:00.0,0.0,1.3888888888856568e-7,0.09611527777777777,0.24644833333333285
2021-11-01T09:00:00.0,0.0,0.0,0.0829852777777759,0.2064786111111176
2021-11-01T10:00:00.0,0.0,0.0,0.13722055555555468,0.24887166666666993
2021-11-01T11:00:00.0,0.0,0.00040097222222217787,0.24332444444445067,0.05146361111110971
2021-11-01T12:00:00.0,0.0,0.0,0.17381361111111032,0.07980444444444114
2021-11-01T13:00:00.0,0.0,0.00016467315716267732,0.30088066759389187,0.04208289290681329
2021-11-01T14:00:00.0,0.0,0.002080902777777584,0.40109222222222496,0.022424999999999726
2021-11-01T15:00:00.0,0.0,0.0,0.14726027777778153,0.07129166666666441
2021-11-01T16:00:00.0,0.0,0.00026798611111107743,0.19149083333333475,0.09623277777777603
2021-11-01T17:00:00.0,0.0,0.0,0.26310024449198216,0.054079690495372264
2021-11-01T18:00:00.0,0.0,0.0,0.10512472222221847,0.14984833333333772
2021-11-01T19:00:00.0,0.0,0.0,0.08831190880967252,0.16409727432345342
2021-11-01T20:00:00.0,0.0,8.333333333313938e-7,0.09508694444444155,0.1693641666666716
2021-11-01T21:00:00.0,0.0,0.0,0.11134500000000104,0.17860583333333185
2021-11-01T22:00:00.0,0.0,0.0005040277777777022,0.28173305555556266,0.1500969444444413
2021-11-01T23:00:00.0,0.0,0.0,0.07457388888888682,0.23880666666666775
2021-11-02T00:00:00.0,0.0,5.902777777770455e-6,0.17157416666667843,0.07455861111110881
2021-11-02T01:00:00.0,0.0,0.00619638485187237,0.1632122945779755,0.5080174538848471
2021-11-02T02:00:00.0,0.0,0.0010978472222220276,0.2883663888888851,0.10439166666666568
2021-11-02T03:00:00.0,0.0,4.16666666665697e-7,0.12151972222221846,0.1849663888888911
2021-11-02T04:00:00.0,0.0,0.006781874999999919,0.39327305555556435,0.016073888888888853
2021-11-02T05:00:00.0,0.0,0.003500694444444139,0.5392122222222075,0.042981111111110304
2021-11-02T06:00:00.0,0.0,0.00010104166666664101,0.22133527777777565,0.12155472222222294
2021-11-02T07:00:00.0,0.0,0.002166805555555372,0.2872230555555557,0.24789166666667387
2021-11-02T08:00:00.0,0.0,0.0,0.0833116666666643,0.2676638888888947
2021-11-02T09:00:00.0,0.0,2.083333333328485e-7,0.15883833333333572,0.10019111111110879
2021-11-02T10:00:00.0,0.0,0.0007108333333331586,0.4111844444444464,0.03821472222222084
2021-11-02T11:00:00.0,0.0,1.4652777777767858e-5,0.15336527777778017,0.09419138888888619
2021-11-02T12:00:00.0,0.0,0.00040937499999990726,0.3470602777777799,0.04191388888888818
2021-11-02T13:00:00.0,0.0,0.0,0.1481697222222273,0.1097988888888859
2021-11-02T14:00:00.0,0.0,0.0,0.06473694444444164,0.16530111111111756
2021-11-02T15:00:00.0,0.0,0.0,0.07297993311036587,0.16730797101449166
2021-11-02T16:00:00.0,0.0,2.8194444444430157e-5,0.10105555555555326,0.1346774999999987
2021-11-02T17:00:00.0,0.0,1.180555555552808e-6,0.15045583333333104,0.11323861111110803
2021-11-02T18:00:00.0,0.0,0.0,0.06453638888888683,0.18595611111111632
2021-11-02T19:00:00.0,0.0,0.0,0.0315072222222214,0.30137250000000687
2021-11-02T20:00:00.0,0.0,0.0,0.08335499999999624,0.19299833333333533
2021-11-02T21:00:00.0,0.0,0.0,0.0883002777777769,0.16703916666666851
2021-11-02T22:00:00.0,0.0,0.0001817361111110751,0.14658361111111826,0.10744805555555177
2021-11-02T23:00:00.0,0.0,0.0,0.09684138888888884,0.1931094444444499
2021-11-03T00:00:00.0,0.0,0.0,0.11649611111111181,0.10707361111110968
2021-11-03T01:00:00.0,0.0,0.00019423611111108003,0.27012333333333266,0.056620833333331816
2021-11-03T02:00:00.0,0.0,0.0,0.049906944444441645,0.1648952777777823
2021-11-03T03:00:00.0,0.0,0.0,0.006611666666666481,0.32744722222223244
2021-11-03T04:00:00.0,0.0,0.0,0.09406222222222121,0.20252972222222504
2021-11-03T05:00:00.0,0.0,0.0023369444444441474,0.3704522222222184,0.0836963888888864
2021-11-03T06:00:00.0,0.0,0.0005267361111110573,0.22223083333333485,0.07714249999999842
2021-11-03T07:00:00.0,0.0,0.0005684722222221735,0.26262861111110636,0.17156833333333446
2021-11-03T08:00:00.0,0.0,0.0,0.11128777777777403,0.10536999999999899
2021-11-03T09:00:00.0,0.0,0.0,0.08492194444444329,0.13477583333333382
2021-11-03T10:00:00.0,0.0,0.0,0.09559055555555225,0.11591944444444253
2021-11-03T11:00:00.0,0.0,0.0,0.2173916696859009,0.02665322315431422
2021-11-03T12:00:00.0,0.0,0.0006172222222220456,0.5604419444444425,0.0005169444444444507
2021-11-03T13:00:00.0,0.0,0.002294062151616304,0.4826905100334369,0.015455039018951441
2021-11-03T14:00:00.0,0.0,0.0,0.07185249999999878,0.15391277777777904
2021-11-03T15:00:00.0,0.0,0.0,0.027158055555555023,0.19194611111112286
2021-11-03T16:00:00.0,0.0,0.0,0.07809944444444203,0.149085833333341
2021-11-03T17:00:00.0,0.0,0.0002619444444443996,0.27009555555555365,0.08178055555555344
2021-11-03T18:00:00.0,0.0,0.0,0.09075752508361033,0.2494899665551818
2021-11-03T19:00:00.0,0.0,0.0,0.046446666666666254,0.30380500000001764
2021-11-03T20:00:00.0,0.0,0.0,0.049976944444441646,0.22668027777778404
2021-11-03T21:00:00.0,0.0,0.00017006944444441396,0.06331694444444222,0.19817250000000503
2021-11-03T22:00:00.0,0.0,0.0026593749999997388,0.4523483333333342,0.022685277777777197
2021-11-03T23:00:00.0,0.0,0.0,0.10291583333333168,0.15899388888889346
2021-11-04T00:00:00.0,0.0,0.0,0.06710416666666344,0.167245
2021-11-04T01:00:00.0,0.0,0.0,0.06577833333333061,0.1680413888888933
2021-11-04T02:00:00.0,0.0,0.0,0.022474166666666195,0.23223222222222192
2021-11-04T03:00:00.0,0.0,0.0,0.024246111111110736,0.22893805555555866
2021-11-04T04:00:00.0,0.0,0.0,0.10036166666666534,0.14916250000000833
2021-11-04T05:00:00.0,0.0,0.00016069444444441998,0.16018583333333314,0.07844305555555255
2021-11-04T06:00:00.0,0.0,2.18055555555403e-5,0.18812305555555686,0.07083972222222178
2021-11-04T07:00:00.0,0.0,4.916666666665241e-5,0.11420694444444313,0.14388027777778098
2021-11-04T08:00:00.0,0.0,0.0,0.07986499999999651,0.11714916666666578
2021-11-04T09:00:00.0,0.0,0.0,0.05707916666666304,0.11677694444444003
2021-11-04T10:00:00.0,0.0,0.0,0.08872499999999568,0.09985638888888664
2021-11-04T11:00:00.0,0.0,0.0,0.020562222222221562,0.3932208333333284
2021-11-04T12:00:00.0,0.0,0.0,0.0025044444444445057,0.4831127777777852
2021-11-04T13:00:00.0,0.0,0.0,0.0011175000000000672,0.5475758333333363
2021-11-04T14:00:00.0,0.0,0.0,0.11623694444444355,0.07483611111110823
2021-11-04T15:00:00.0,0.0,0.0,0.07438375838925887,0.11721464205816175
2021-11-04T16:00:00.0,0.0,4.305555555551456e-6,0.2280913888889005,0.021723333333332945
2021-11-04T17:00:00.0,0.0,0.0,0.17495213901507287,0.05889668069451591
2021-11-04T18:00:00.0,0.0,0.0,0.1090816666666656,0.10377249999999562
2021-11-04T19:00:00.0,0.0,0.0,0.019194166666666457,0.3403736111111137
2021-11-04T20:00:00.0,0.0,0.0,0.06344194444444148,0.18463194444445533
2021-11-04T21:00:00.0,0.0,0.00017798611111105136,0.1306675000000016,0.3764566666666587
2021-11-04T22:00:00.0,0.0,0.005009513888888637,0.41370944444444263,0.03037694444444397
2021-11-04T23:00:00.0,0.0,0.00022104166666660227,0.11650722222222418,0.24721666666666928
2021-11-05T00:00:00.0,0.0,0.0,0.14094722222222475,0.09776555555555334
2021-11-05T01:00:00.0,0.0,0.0,0.24506800445932053,0.028787904124860143
2021-11-05T02:00:00.0,0.0,0.0,0.09631249999999852,0.10704138888888588
2021-11-05T03:00:00.0,0.0,0.0,0.01395416666666653,0.2391408333333456
2021-11-05T04:00:00.0,0.0,0.0,0.11674777777777806,0.03991999999999773
2021-11-05T05:00:00.0,0.0,0.0,0.18829166666666666,0.04691694444444072
2021-11-05T06:00:00.0,0.0,0.0,0.22088166666666956,0.05001916666666431
2021-11-05T07:00:00.0,0.0,5.555555555542627e-7,0.27143333333333747,0.06296749999999669
2021-11-05T08:00:00.0,0.0,0.0,0.09404638888888771,0.12209166666666524
2021-11-05T09:00:00.0,0.0,0.0,0.10854194444444046,0.09427500000000033
2021-11-05T10:00:00.0,0.0,0.00012909722222220285,0.12285999999999858,0.09847777777777442
2021-11-05T11:00:00.0,0.0,0.0001634027777777306,0.28267027777778436,0.05045194444444328
2021-11-05T12:00:00.0,0.0,2.965277777776203e-5,0.28600222222223187,0.031003888888887464
2021-11-05T13:00:00.0,0.0,0.0014524999999998842,0.21910777777777873,0.24881249999999186
2021-11-05T14:00:00.0,0.0,0.0,0.044431111111109145,0.33130250000000105
2021-11-05T15:00:00.0,0.0,0.0,0.1050216666666646,0.14943777777778358
2021-11-05T16:00:00.0,0.0,0.0,0.14424111111111215,0.16085944444445116
2021-11-05T17:00:00.0,0.0,0.0013324305555553722,0.4095241666666593,0.028147777777776967
2021-11-05T18:00:00.0,0.0,0.0,0.07146361111110916,0.24634277777777672
2021-11-05T19:00:00.0,0.0,0.0,0.005069166666666488,0.531099722222223
2021-11-05T20:00:00.0,0.0,0.0,0.05218055555555341,0.39095166666666276
2021-11-05T21:00:00.0,0.0,0.0,0.04936805555555277,0.3098080555555567
2021-11-05T22:00:00.0,0.0,5.347222222216192e-6,0.19884694444445009,0.05671999999999832
2021-11-05T23:00:00.0,0.0,0.0005264583333332159,0.18681861111111966,0.14815250000000182
2021-11-06T00:00:00.0,0.0,0.0014984722222221405,0.14266472222222998,0.256683611111111
2021-11-06T01:00:00.0,0.0,0.0,0.2480496098104903,0.03742697881828152
2021-11-06T02:00:00.0,0.0,8.124999999986513e-6,0.11750222222222276,0.3214249999999951
2021-11-06T03:00:00.0,0.0,0.0,0.029919444444443406,0.25716361111111147
2021-11-06T04:00:00.0,0.0,0.0,0.09910611111110959,0.10605416666666438
2021-11-06T05:00:00.0,0.0,7.2916666666610465e-6,0.24490000000000636,0.04615972222221996
2021-11-06T06:00:00.0,0.0,0.00032951388888886353,0.3159430555555603,0.02543444444444332
2021-11-06T07:00:00.0,0.0,0.0003229861111110128,0.22675749999999212,0.13224222222222345
2021-11-06T08:00:00.0,0.0,0.002209444444444263,0.3587386111111014,0.02015833333333318
2021-11-06T09:00:00.0,0.0,0.0005104166666665452,0.348046111111108,0.022891388888888607
2021-11-06T10:00:00.0,0.0,0.007532708333332967,0.421572222222214,0.04554027777777466
2021-11-06T11:00:00.0,0.0,0.0,0.08825277777777538,0.11247499999999705
2021-11-06T12:00:00.0,0.0,0.0,0.1068697222222211,0.09247083333332975
2021-11-06T13:00:00.0,0.0,0.0,0.17573583333334095,0.09809388888888856
2021-11-06T14:00:00.0,0.0,0.0,0.01397722222222212,0.3850797222222165
2021-11-06T15:00:00.0,0.0,0.0,0.05432444444444173,0.18192500000000494
2021-11-06T16:00:00.0,0.0,7.88888888888576e-5,0.30160194444443744,0.108917777777776
2021-11-06T17:00:00.0,0.0,0.00011812499999997452,0.23647722222222495,0.048896111111108066
2021-11-06T18:00:00.0,0.0,0.0,0.09288768115941717,0.11788768115941645
2021-11-06T19:00:00.0,0.0,0.0,0.11422277777777488,0.10068305555555317
2021-11-06T20:00:00.0,0.0,4.9305555555445775e-6,0.10322944444444412,0.1703455555555575
2021-11-06T21:00:00.0,0.0,0.0,0.10258807134893896,0.16919007803790453
2021-11-06T22:00:00.0,0.0,0.0,0.12564666666666943,0.14554861111111028
2021-11-06T23:00:00.0,0.0,0.0,0.050888333333330184,0.3224108333333298
2021-11-07T00:00:00.0,0.0,1.743055555554459e-5,0.1346433333333329,0.10816305555555218
2021-11-07T01:00:00.0,0.0,0.0,0.08235017659000311,0.18254678939904737
2021-11-07T02:00:00.0,0.0,0.0,0.1333916666666729,0.07053416666666468
2021-11-07T03:00:00.0,0.0,2.9861111111076162e-6,0.3624916666666577,0.011242499999999735
2021-11-07T04:00:00.0,0.0,0.0,0.032876944444443834,0.4044699999999994
2021-11-07T05:00:00.0,0.0,0.0,0.0002638888888888828,0.6011916666666609
2021-11-07T06:00:00.0,0.0,0.0,0.2513194444444469,0.051428333333330745
2021-11-07T07:00:00.0,0.0,0.0,0.2324583333333287,0.16854361111111318
2021-11-07T08:00:00.0,0.0,0.0,0.1749002777777837,0.05879749999999754
2021-11-07T09:00:00.0,0.0,0.0,0.059828888888887946,0.35050916666666476
2021-11-07T10:00:00.0,0.0,0.0,0.17945250000000365,0.12526166666666952
2021-11-07T11:00:00.0,0.0,0.0,0.18818527777777908,0.051758333333331075
2021-11-07T12:00:00.0,0.0,0.0,0.16804416666667057,0.06818666666666355
2021-11-07T13:00:00.0,0.0,0.0,0.17601950727318938,0.056926203088648215
2021-11-07T14:00:00.0,0.0,0.0,0.18508250000000356,0.11408388888888503
2021-11-07T15:00:00.0,0.0,0.0012104166666665177,0.30525999999999787,0.06838083333333082
2021-11-07T16:00:00.0,0.0,0.00026916666666657204,0.27100333333333015,0.1004858333333322
2021-11-07T17:00:00.0,0.0,0.0,0.11831861111110867,0.10443055555555313
2021-11-07T18:00:00.0,0.0,0.0,0.1559975000000006,0.09638972222221884
2021-11-07T19:00:00.0,0.0,0.0,0.11346694444444144,0.10477555555555393
2021-11-07T20:00:00.0,0.0,0.0,0.0947933333333321,0.1069258333333327
2021-11-07T21:00:00.0,0.0,0.0,0.17869166666667696,0.07105805555555293
2021-11-07T22:00:00.0,0.0,0.0028795138888887124,0.35481249999999764,0.051457499999998345
2021-11-07T23:00:00.0,0.0,0.00014708333333329922,0.08472027777777648,0.3927783333333237
2021-11-08T00:00:00.0,0.0,0.0,0.07497583333332983,0.16885500000000378
2021-11-08T01:00:00.0,0.0,1.0319107172879106e-6,0.0805220346587369,0.12740680556333936
2021-11-08T02:00:00.0,0.0,0.0,0.1023833333333333,0.07542333333333073
2021-11-08T03:00:00.0,0.0,1.5972222222185047e-6,0.17764277777778453,0.056338611111108855
2021-11-08T04:00:00.0,0.0,0.0,0.008568333333333369,0.4370786111111241
2021-11-08T05:00:00.0,0.0,0.0012038194444442356,0.34445361111110506,0.05766333333333061
2021-11-08T06:00:00.0,0.0,0.00033909722222220565,0.12688083333333267,0.08193361111110946
2021-11-08T07:00:00.0,0.0,0.0,0.17570472222222483,0.0922930555555536
2021-11-08T08:00:00.0,0.0,0.0,0.10997138888888824,0.11757138888888635
2021-11-08T09:00:00.0,0.0,0.0,0.11000916666666363,0.07980499999999686
2021-11-08T10:00:00.0,0.0,3.645833333331757e-5,0.1948594444444407,0.0772024999999957
2021-11-08T11:00:00.0,0.0,1.715277777776598e-5,0.15080083333334018,0.0914877777777767
2021-11-08T12:00:00.0,0.0,7.458333333331653e-5,0.15095388888889652,0.09823999999999636
2021-11-08T13:00:00.0,0.0,0.0,0.019297926479194438,0.4707388199882887
2021-11-08T14:00:00.0,0.0,0.0,0.09365833333333165,0.0786202777777737
2021-11-08T15:00:00.0,0.0,0.0,0.07881222222222148,0.12996249999999807
2021-11-08T16:00:00.0,0.0,0.0,0.1518269444444459,0.17432861111111808
2021-11-08T17:00:00.0,0.0,0.0,0.14976027777778647,0.05473194444444057
2021-11-08T18:00:00.0,0.0,0.0,0.038334166666665684,0.14980416666666987
2021-11-08T19:00:00.0,0.0,0.0,0.01026083333333316,0.32750444444445537
2021-11-08T20:00:00.0,0.0,0.0,0.08379638888888936,0.18625249999999555
2021-11-08T21:00:00.0,0.0,0.0,0.08970777777777522,0.19344611111110593
2021-11-08T22:00:00.0,0.0,0.0,0.14815249999999805,0.04197361111111048
2021-11-08T23:00:00.0,0.0,0.00026173611111106776,0.11416472222222392,0.24958083333333753
2021-11-09T00:00:00.0,0.0,9.861111111099997e-6,0.17400888888889343,0.04042972222221994
2021-11-09T01:00:00.0,0.0,0.021836635642014015,0.4806012689362111,0.050616658281624254
2021-11-09T02:00:00.0,0.0,0.0,0.04226749999999839,0.23933388888888454
2021-11-09T03:00:00.0,0.0,0.0,0.008471388888888803,0.3800408333333313
2021-11-09T04:00:00.0,0.0,0.0,0.11232249999999708,0.26119055555554943
2021-11-09T05:00:00.0,0.0,0.0,0.018440555555555117,0.39298972222222
2021-11-09T06:00:00.0,0.0,0.0,0.03027916666666592,0.46258333333333657
2021-11-09T07:00:00.0,0.0,6.666666666664619e-5,0.3709402777777764,0.018577499999999757
2021-11-09T08:00:00.0,0.0,0.0,0.19471472222223127,0.07963055555555262
2021-11-09T09:00:00.0,0.0,0.0,0.04385583333333163,0.3796797222222207
2021-11-09T10:00:00.0,0.0,0.0002627777777777496,0.1441561111111094,0.3090555555555633
2021-11-09T11:00:00.0,0.0,1.0208333333320426e-5,0.21396666666667963,0.06134527777777584
2021-11-09T12:00:00.0,0.0,0.0,0.11331361111110862,0.32780638888888813
2021-11-09T13:00:00.0,0.0,0.005541817171436086,0.5255998888580031,0.10379383161989271
2021-11-09T14:00:00.0,0.0,0.0,0.19380055555556422,0.07206888888888612
2021-11-09T15:00:00.0,0.0,0.0003313888888888232,0.2949363888888933,0.033786111111109525
2021-11-09T16:00:00.0,0.0,6.506944444441475e-5,0.2260033333333477,0.04807694444444164
2021-11-09T17:00:00.0,0.0,0.0,0.15180472222222396,0.10208333333333384
2021-11-09T18:00:00.0,0.0,0.0,0.1625455555555599,0.09653055555555426
2021-11-09T19:00:00.0,0.0,0.0,0.048481666666664466,0.5207269444444421
2021-11-09T20:00:00.0,0.0,0.0,0.11674194444444048,0.09088888888888592
2021-11-09T21:00:00.0,0.0,0.00011006944444440469,0.14736611111111733,0.28262166666666294
2021-11-09T22:00:00.0,0.0,0.0,0.1507425000000056,0.08560888888888661
2021-11-09T23:00:00.0,0.0,0.001038680555555492,0.11480583333333301,0.3419647222222168
2021-11-10T00:00:00.0,0.0,0.0,0.06370111111110864,0.2856358333333349
2021-11-10T01:00:00.0,0.0,0.0034292978545553167,0.3530501532460336,0.13114210086374722
2021-11-10T02:00:00.0,0.0,0.0,0.0006919444444444256,0.5169347222222179
2021-11-10T03:00:00.0,0.0,0.0,0.2461550000000042,0.05551138888888515
2021-11-10T04:00:00.0,0.0,0.00035854166666654964,0.5136377777777801,0.003963888888888807
2021-11-10T05:00:00.0,0.0,0.0006427777777775575,0.4407524999999956,0.12863722222221927
2021-11-10T06:00:00.0,0.0,1.402777777776881e-5,0.1082313888888865,0.2396052777777882
2021-11-10T07:00:00.0,0.0,0.003700347222222052,0.3690052777777684,0.08317722222222004
2021-11-10T08:00:00.0,0.0,0.0,0.2044569444444523,0.0736813888888863
2021-11-10T09:00:00.0,0.0,1.624999999999277e-5,0.06709277777777689,0.20221500000000295
2021-11-10T10:00:00.0,0.0,0.0,0.19665222222222126,0.20620444444444658
2021-11-10T11:00:00.0,0.0,1.3935340022264114e-7,0.1318584169453765,0.15947073578595736
2021-11-10T12:00:00.0,0.0,3.6856745479757195e-6,0.1967162726008414,0.12253379694019459
2021-11-10T13:00:00.0,0.0,0.0,0.1136052337284681,0.16233205658689048
2021-11-10T14:00:00.0,0.0,0.0,0.13764777777777906,0.11112277777777523
2021-11-10T15:00:00.0,0.0,0.0,0.1398650000000055,0.10114361111110752
2021-11-10T16:00:00.0,0.0,0.0,0.13631694444444198,0.1606930555555641
2021-11-10T17:00:00.0,0.0,0.0009677777777776338,0.33034888888888353,0.03945472222222032
2021-11-10T18:00:00.0,0.0,2.5972222222208637e-5,0.19690416666667285,0.07153277777777682
2021-11-10T19:00:00.0,0.0,0.0,0.17277077386261852,0.08130422613737473
2021-11-10T20:00:00.0,0.0,0.0,0.08989638888888662,0.10753388888888495
2021-11-10T21:00:00.0,0.0,0.0,0.08579805555555524,0.3347536111111078
2021-11-10T22:00:00.0,0.0,0.0,0.08154138888888764,0.12048916666666765
2021-11-10T23:00:00.0,0.0,0.0,0.07126499999999784,0.3626241666666506
2021-11-11T00:00:00.0,0.0,0.0,0.03894102286301517,0.25733255549074147
2021-11-11T01:00:00.0,0.0,0.0033205065679148397,0.4615858747903801,0.027677149245387587
2021-11-11T02:00:00.0,0.0,0.0,0.09383611111110933,0.19412194444444233
2021-11-11T03:00:00.0,0.0,0.0,0.0717680555555524,0.11086083333332948
2021-11-11T04:00:00.0,0.0,0.0,0.18548777777778475,0.026783055555554783
2021-11-11T05:00:00.0,0.0,0.0,0.03345611111111048,0.23538166666668062
2021-11-11T06:00:00.0,0.0,1.5416666666655954e-5,0.23486361111111717,0.06326027777777486
2021-11-11T07:00:00.0,0.0,0.000563888888888845,0.26480361111110917,0.1095513888888871
2021-11-11T08:00:00.0,0.0,0.0,0.12153611111110894,0.14061166666667435
2021-11-11T09:00:00.0,0.0,0.0,0.14276416666666605,0.07707555555554975
2021-11-11T10:00:00.0,0.0,0.0,0.12981166666666866,0.07678555555555407
2021-11-11T11:00:00.0,0.0,2.4305555555498996e-6,0.12467000000000296,0.14724444444444082
2021-11-11T12:00:00.0,0.0,0.0,0.0053913888888889715,0.5104708333333275
2021-11-11T13:00:00.0,0.0,4.455072787102342e-5,0.18270511461876957,0.12102097161024024
2021-11-11T14:00:00.0,0.0,0.0006576388888888079,0.24165388888890493,0.05641861111110836
2021-11-11T15:00:00.0,0.0,0.0,0.11480861111110817,0.12496138888888926
2021-11-11T16:00:00.0,0.0,0.003099097222222012,0.4102761111111014,0.04191833333333145
2021-11-11T17:00:00.0,0.0,0.0,0.15721305555555473,0.10201888888888608
2021-11-11T18:00:00.0,0.0,0.0005158333333332184,0.2777658333333367,0.05335055555555488
2021-11-11T19:00:00.0,0.0,0.0,0.12254472222222057,0.10404249999999732
2021-11-11T20:00:00.0,0.0,0.0,0.046243129932952994,0.32063593878185476
2021-11-11T21:00:00.0,0.0,0.00012444444444441273,0.18713694444445358,0.0716608333333304
2021-11-11T22:00:00.0,0.0,6.805555555542189e-6,0.19676000000000884,0.0707097222222207
2021-11-11T23:00:00.0,0.0,5.499999999998197e-5,0.18786527777778683,0.09958388888888547
2021-11-12T00:00:00.0,0.0,0.00010833333333329969,0.15465666666667638,0.0963602777777744
2021-11-12T01:00:00.0,0.0,0.0,0.0737418863699934,0.08664054575986119
2021-11-12T02:00:00.0,0.0,0.0,0.016222777777777274,0.29244111111111276
2021-11-12T03:00:00.0,0.0,0.0,0.013911944444444187,0.24742250000000837
2021-11-12T04:00:00.0,0.0,0.0,0.3049463888888882,0.0161638888888885
2021-11-12T05:00:00.0,0.0,3.090277777776305e-5,0.29360444444444145,0.06805444444444231
2021-11-12T06:00:00.0,0.0,3.333333333329031e-6,0.1080391666666644,0.1446677777777801
2021-11-12T07:00:00.0,0.0,0.0005597222222221158,0.30179194444444446,0.17622972222222366
2021-11-12T08:00:00.0,0.0,2.173611111109998e-5,0.2083502777777788,0.08398305555555473
2021-11-12T09:00:00.0,0.0,0.0,0.05260777777777522,0.18083277777777826
2021-11-12T10:00:00.0,0.0,0.0,0.005381944444444182,0.44149444444443486
2021-11-12T11:00:00.0,0.0,0.0,0.07302277777777602,0.15571388888888887
2021-11-12T12:00:00.0,0.0,0.0,0.04760138888888573,0.19243638888889594
2021-11-12T13:00:00.0,0.0,0.0022645138888886976,0.4580574999999962,0.018411111111110823
2021-11-12T14:00:00.0,0.0,0.0,0.1074383333333317,0.11726472222222105
2021-11-12T15:00:00.0,0.0,0.00010979166666665032,0.22396083333333733,0.08372305555555498
2021-11-12T16:00:00.0,0.0,0.0,0.18929250000000772,0.07530611111110715
2021-11-12T17:00:00.0,0.0,0.0,0.10677416666666287,0.1094880555555529
2021-11-12T18:00:00.0,0.0,0.0,0.0683594444444412,0.16479666666667053
2021-11-12T19:00:00.0,0.0,0.0,0.040623888888887065,0.2966375000000036
2021-11-12T20:00:00.0,0.0,0.0,0.0018678808904308186,0.5234666088464899
2021-11-12T21:00:00.0,0.0,0.0,0.07958277777777517,0.1556944444444472
2021-11-12T22:00:00.0,0.0,0.0,0.16765027777778058,0.05925611111110882
2021-11-12T23:00:00.0,0.0,0.0,0.16454750000000756,0.07529361111111021
2021-11-13T00:00:00.0,0.0,0.0,0.11654444444444044,0.11036694444444144
2021-11-13T01:00:00.0,0.0,0.0,0.1470504556568164,0.056824572127136715
2021-11-13T02:00:00.0,0.0,0.00038930555555542854,0.2833758333333339,0.06487694444444249
2021-11-13T03:00:00.0,0.0,0.0,0.06855435084792715,0.11459021406727658
2021-11-13T04:00:00.0,0.0,0.0,0.07714277777777724,0.12866444444444602
2021-11-13T05:00:00.0,0.0,0.0019293749999998117,0.46794722222222135,0.007492777777777587
2021-11-13T06:00:00.0,0.0,0.005528749999999485,0.7308174999999988,0.00020055555555556105
2021-11-13T07:00:00.0,0.0,0.002757222222221809,0.5002241666666523,0.06479638888888974
2021-11-13T08:00:00.0,0.0,0.0,0.10173666666666135,0.1399747222222232
2021-11-13T09:00:00.0,0.0,0.001435763888888631,0.5605552777777615,0.0031519444444445236
2021-11-13T10:00:00.0,0.0,9.64583333333165e-5,0.15592583333333207,0.12456777777777964
2021-11-13T11:00:00.0,0.0,0.0,0.11749416666666676,0.16487194444444442
2021-11-13T12:00:00.0,0.0,0.0,0.015289166666666548,0.2728530555555582
2021-11-13T13:00:00.0,0.0,0.0,0.015566855618539138,0.25384211403802026
2021-11-13T14:00:00.0,0.0,0.0,0.00488499999999996,0.43398666666667196
2021-11-13T15:00:00.0,0.0,0.0,0.003135555555555682,0.34043166666666436
2021-11-13T16:00:00.0,0.0,0.0,0.19257388888888502,0.1401330555555595
2021-11-13T17:00:00.0,0.0,0.0,0.07626722222222239,0.09825861111110942
2021-11-13T18:00:00.0,0.0,0.0,0.03084749999999896,0.17257500000000514
2021-11-13T19:00:00.0,0.0,0.0,0.01982249999999955,0.2749263888888823
2021-11-13T20:00:00.0,0.0,0.0,0.12154416666666785,0.13243166666666453
2021-11-13T21:00:00.0,0.0,0.0,0.09984030100334147,0.10286761426978655
2021-11-13T22:00:00.0,0.0,0.0,0.11233888888888807,0.08459472222222139
2021-11-13T23:00:00.0,0.0,0.0,0.18532111111111435,0.16362555555555286
2021-11-14T00:00:00.0,0.0,0.0,0.12501083333333374,0.09165916666666295
2021-11-14T01:00:00.0,0.0,0.0,0.10472741498309318,0.06755441920250194
2021-11-14T02:00:00.0,0.0,0.0,0.18928027777778664,0.05667416666666418
2021-11-14T03:00:00.0,0.0,0.0,0.004792499999999889,0.5220708333333229
2021-11-14T04:00:00.0,0.0,0.0,5.33333333333306e-5,0.5264858333333144
2021-11-14T05:00:00.0,0.0,0.0,0.009257499999999854,0.2531333333333466
2021-11-14T06:00:00.0,0.0,0.0,0.05939888888888781,0.18450250000000595
2021-11-14T07:00:00.0,0.0,0.0,0.23276166666666243,0.10140805555555599
2021-11-14T08:00:00.0,0.0,0.0,0.18245027777778586,0.02685944444444396
2021-11-14T09:00:00.0,0.0,0.0,0.19190111111111743,0.039069722222219556
2021-11-14T10:00:00.0,0.0,0.0,0.11293083333332969,0.09119944444444297
2021-11-14T11:00:00.0,0.0,0.0,0.02616916666666614,0.20302444444445636
2021-11-14T12:00:00.0,0.0,0.0,0.11508611111110922,0.08680916666666319
2021-11-14T13:00:00.0,0.0,0.0,0.18048833333333758,0.05315916666666389
2021-11-14T14:00:00.0,0.0,0.0,0.12045222222221943,0.0744113888888864
2021-11-14T15:00:00.0,0.0,0.0,0.11860499999999939,0.07815222222222029
2021-11-14T16:00:00.0,0.0,0.0,0.18747666666666973,0.06094527777777628
2021-11-14T17:00:00.0,0.0,0.0,0.1291908333333351,0.0683091666666639
2021-11-14T18:00:00.0,0.0,0.0,0.08279833333333143,0.25819805555555403
2021-11-14T19:00:00.0,0.0,0.0,0.14579222222222485,0.0816113888888862
2021-11-14T20:00:00.0,0.0,8.0972222222198e-5,0.18654138888888724,0.3532722222222159
2021-11-14T21:00:00.0,0.0,0.0,0.025069999999999534,0.5078533333333262
2021-11-14T22:00:00.0,0.0,0.0,0.03695055555555405,0.24731611111113236
2021-11-14T23:00:00.0,0.0,0.0,0.06714499999999751,0.18693055555555863
2021-11-15T00:00:00.0,0.0,1.3888888888856568e-7,0.12729527777778277,0.25513638888888285
2021-11-15T01:00:00.0,0.0,0.0,0.16960651282193792,0.05411692384965041
2021-11-15T02:00:00.0,0.0,0.0,0.1592738888888964,0.09423694444444103
2021-11-15T03:00:00.0,0.0,0.0,0.022192499999999397,0.18929944444444283
2021-11-15T04:00:00.0,0.0,0.0,0.02747666666666614,0.2503780555555677
2021-11-15T05:00:00.0,0.0,0.003986041666666413,0.4426658333333236,0.015292222222222028
2021-11-15T06:00:00.0,0.0,0.001870763888888654,0.49126638888888224,0.006873888888888868
2021-11-15T07:00:00.0,0.0,0.0009588194444443439,0.32438277777777424,0.07564972222221937
2021-11-15T08:00:00.0,0.0,0.0,0.12623000000000156,0.10532194444444218
2021-11-15T09:00:00.0,0.0,0.0,0.026244722222221573,0.323884999999993
2021-11-15T10:00:00.0,0.0,0.0,0.19596027777778546,0.06223611111110717
2021-11-15T11:00:00.0,0.0,0.0,0.16511944444444976,0.08537999999999847
2021-11-15T12:00:00.0,0.0,0.0,0.006831111111110889,0.395126666666662
2021-11-15T13:00:00.0,0.0,0.0,0.02655016722407949,0.2696599777034627
2021-11-15T14:00:00.0,0.0,0.0,0.18835583333334197,0.057683888888887966
2021-11-15T15:00:00.0,0.0,0.0,0.18931805555556144,0.06368249999999676
2021-11-15T16:00:00.0,0.0,5.180555555554496e-5,0.13993694444444518,0.17218138888889656
2021-11-15T17:00:00.0,0.0,0.0013639583333332963,0.17524611111111227,0.08463916666666331
2021-11-15T18:00:00.0,0.0,2.430555555551873e-6,0.15753555555556395,0.10702194444444196
2021-11-15T19:00:00.0,0.0,0.0,0.07902027777777558,0.18342888888888803
2021-11-15T20:00:00.0,0.0,0.0,0.04046694444444278,0.32611611111111566
2021-11-15T21:00:00.0,0.0,0.0,0.13152888888889072,0.24678111111110593
2021-11-15T22:00:00.0,0.0,0.0,0.03763388888888689,0.35797944444444285
2021-11-15T23:00:00.0,0.0,0.0007250694444443191,0.2466052777777876,0.05293083333333137
2021-11-16T00:00:00.0,0.0,0.0,0.12279777777777594,0.10558222222221848
2021-11-16T01:00:00.0,0.0,4.033379694010086e-7,0.3067092600834436,0.025096456189150525
2021-11-16T02:00:00.0,0.0,6.715277777775227e-5,0.42450194444445144,0.02750972222222163
2021-11-16T03:00:00.0,0.0,0.0,0.14968250000000285,0.03936805555555344
2021-11-16T04:00:00.0,0.0,0.0,0.016394166666665926,0.2468155555555669
2021-11-16T05:00:00.0,0.0,0.0,0.14538777777777434,0.20237611111111456
2021-11-16T06:00:00.0,0.0,0.00028736111111109464,0.2310838888888894,0.06054944444444215
2021-11-16T07:00:00.0,0.0,0.0,0.11952416666666578,0.18285555555556351
2021-11-16T08:00:00.0,0.0,0.0,0.0992477777777749,0.21718055555556812
2021-11-16T09:00:00.0,0.0,3.7847222222204185e-5,0.22226027777778556,0.043642222222220355
2021-11-16T10:00:00.0,0.0,0.0,0.1330844444444451,0.1082033333333308
2021-11-16T11:00:00.0,0.0,0.0,0.1616647222222229,0.06470055555555293
2021-11-16T12:00:00.0,0.0,0.004738263888888442,0.6030719444444459,0.004768333333333384
2021-11-16T13:00:00.0,0.0,0.0027299068150207,0.2167415966620271,0.16482302086230446
2021-11-16T14:00:00.0,0.0,0.0,0.10565805555555109,0.11478055555555142
2021-11-16T15:00:00.0,0.0,0.0,0.13665305555555507,0.095159166666664
2021-11-16T16:00:00.0,0.0,2.3888888888870298e-5,0.20571166666666965,0.06926388888888678
2021-11-16T17:00:00.0,0.0,0.0,0.08991972222221954,0.13568999999999914
2021-11-16T18:00:00.0,0.0,0.0,0.10328166666666763,0.12129249999999966
2021-11-16T19:00:00.0,0.0,0.0,0.08343472222222162,0.181711111111113
2021-11-16T20:00:00.0,0.0,0.00047374999999992844,0.24637083333334117,0.08216527777777635
2021-11-16T21:00:00.0,0.0,0.0,0.07091249999999727,0.16609777777778614
2021-11-16T22:00:00.0,0.0,0.0007377777777776845,0.30141166666666025,0.06828861111110981
2021-11-16T23:00:00.0,0.0,0.0008644444444442827,0.2987430555555737,0.10640111111110805
2021-11-17T00:00:00.0,0.0,0.0011420138888887602,0.19986888888889454,0.1588986111111093
2021-11-17T01:00:00.0,0.0,0.0,0.044546111111108296,0.3631841666666607
2021-11-17T02:00:00.0,0.0,0.0,0.0010002777777777668,0.5719263888888843
2021-11-17T03:00:00.0,0.0,0.0,0.05140777777777506,0.23171277777778304
2021-11-17T04:00:00.0,0.0,0.0,0.05537611111110732,0.27035888888888404
2021-11-17T05:00:00.0,0.0,0.0036847222222219918,0.381868055555548,0.25630000000000314
2021-11-17T06:00:00.0,0.0,0.0003046527777777313,0.36206499999999026,0.012516111111110914
2021-11-17T07:00:00.0,0.0,0.00024458333333330414,0.2595547222222183,0.08831388888888696
2021-11-17T08:00:00.0,0.0,0.00016784722222219404,0.235249999999998,0.11372055555555441
2021-11-17T09:00:00.0,0.0,8.395833333332048e-5,0.12435333333333008,0.1099652777777743
2021-11-17T10:00:00.0,0.0,0.0,0.0748630555555513,0.16744666666666919
2021-11-17T11:00:00.0,0.0,0.0,0.06729305555555197,0.21368250000000166
2021-11-17T12:00:00.0,0.0,0.0,0.038612777777776074,0.2526852777777825
2021-11-17T13:00:00.0,0.0,0.0006570138888887728,0.23321027777777983,0.22905805555554928
2021-11-17T14:00:00.0,0.0,0.0,0.1766936111111155,0.09545472222221912
2021-11-17T15:00:00.0,0.0,0.0,0.15043472222222573,0.07121666666666422
2021-11-17T16:00:00.0,0.0,0.0,0.1812297222222237,0.10983138888888784
2021-11-17T17:00:00.0,0.0,0.0014091666666664817,0.3487691666666793,0.058536944444443004
2021-11-17T18:00:00.0,0.0,0.0,0.10872611111110957,0.34468527777777835
2021-11-17T19:00:00.0,0.0,0.002862222222222042,0.3608183333333428,0.041332222222221424
2021-11-17T20:00:00.0,0.0,0.0,0.09295888888888708,0.18714666666666607
2021-11-17T21:00:00.0,0.0,0.0,0.0555858333333302,0.4377483333333314
2021-11-17T22:00:00.0,0.0,0.00011027777777774042,0.2646430555555565,0.13103416666666567
2021-11-17T23:00:00.0,0.0,0.0004457638888888431,0.14762750000000446,0.13451027777777474
2021-11-18T00:00:00.0,0.0,0.0006592361111109979,0.21723750000000178,0.18092305555555305
2021-11-18T01:00:00.0,0.0,0.0,0.016533574811924905,0.44073140150460033
2021-11-18T02:00:00.0,0.0,3.26388888888228e-6,0.15411222222222687,0.15061888888888875
2021-11-18T03:00:00.0,0.0,0.0,0.10799305555555279,0.10173527777777387
2021-11-18T04:00:00.0,0.0,0.0,0.0393119444444429,0.42254166666666104
2021-11-18T05:00:00.0,0.0,0.00016020833333332335,0.2170358333333308,0.06796277777777664
2021-11-18T06:00:00.0,0.0,8.215277777775223e-5,0.26293194444444995,0.0832233333333308
2021-11-18T07:00:00.0,0.0,3.4652777777753816e-5,0.19695388888889248,0.12098638888888948
2021-11-18T08:00:00.0,0.0,3.854166666664209e-5,0.1977902777777828,0.07953611111110861
2021-11-18T09:00:00.0,0.0,0.0,0.07096666666666523,0.20714222222222564
2021-11-18T10:00:00.0,0.0,0.0,0.16177027777778033,0.0752769444444422
2021-11-18T11:00:00.0,0.0,7.958333333330341e-5,0.2163550000000047,0.08530555555555414
2021-11-18T12:00:00.0,0.0,0.0,0.012443611111110999,0.37864611111111685
2021-11-18T13:00:00.0,0.0,0.0013149999999998094,0.40211222222221865,0.039061388888887244
2021-11-18T14:00:00.0,0.0,6.854166666664865e-5,0.2245836111111192,0.07482305555555349
2021-11-18T15:00:00.0,0.0,2.083333333328486e-6,0.12248472222222252,0.10533083333333113
2021-11-18T16:00:00.0,0.0,0.0,0.1642569444444471,0.07308027777777609
2021-11-18T17:00:00.0,0.0,0.0,0.02375388888888864,0.27605555555555733
2021-11-18T18:00:00.0,0.0,0.0,0.009837222222222063,0.4541200000000035
2021-11-18T19:00:00.0,0.0,0.0,0.19698305555555784,0.04811277777777556
2021-11-18T20:00:00.0,0.0,0.001963263888888695,0.2416702777777805,0.18523499999999696
2021-11-18T21:00:00.0,0.0,0.0,0.015757222222222096,0.5267124999999849
2021-11-18T22:00:00.0,0.0,0.0,0.17632277777778488,0.08198722222221944
2021-11-18T23:00:00.0,0.0,0.0015879166666665364,0.2773627777777833,0.11593277777777515
2021-11-19T00:00:00.0,0.0,0.0,0.004418055555555547,0.7534683333333279
2021-11-19T01:00:00.0,0.0,0.0014251084840054369,0.46213631432544316,0.024310664812238567
2021-11-19T02:00:00.0,0.0,7.270833333330906e-5,0.1353566666666726,0.24249444444444
2021-11-19T03:00:00.0,0.0,0.00010819444444443885,0.005684166666666658,0.4669669444444373
2021-11-19T04:00:00.0,0.0,0.0,0.009773888888888744,0.4000155555555558
2021-11-19T05:00:00.0,0.0,0.0004281944444443926,0.3016138888888891,0.169491111111121
2021-11-19T06:00:00.0,0.0,2.47916666666514e-5,0.2655786111111184,0.05923444444444167
2021-11-19T07:00:00.0,0.0,0.0013517361111109552,0.325218055555552,0.08227611111110979
2021-11-19T08:00:00.0,0.0,2.312499999998267e-5,0.22190055555556668,0.05900472222221982
2021-11-19T09:00:00.0,0.0,0.0,0.13170666666666744,0.16316222222222745
2021-11-19T10:00:00.0,0.0,0.00029215277777772824,0.2739086111111161,0.03820361111111037
2021-11-19T11:00:00.0,0.0,4.215277777775268e-5,0.2540766666666772,0.041905833333331276
2021-11-19T12:00:00.0,0.0,0.0032693749999997204,0.3748483333333283,0.11890999999999756
2021-11-19T13:00:00.0,0.0,0.0,0.12311429452496325,0.1114073056544505
2021-11-19T14:00:00.0,0.0,0.0,0.09368277777777655,0.17302638888889438
2021-11-19T15:00:00.0,0.0,7.562499999997828e-5,0.18964277777778232,0.04280527777777567
2021-11-19T16:00:00.0,0.0,0.00013715277777774746,0.286586944444447,0.03436611111111004
2021-11-19T17:00:00.0,0.0,0.0,0.16992944444445096,0.056679999999997684
2021-11-19T18:00:00.0,0.0,0.0,0.16533361111111874,0.08341749999999755
2021-11-19T19:00:00.0,0.0,7.222222222218521e-5,0.18291583333333164,0.34135277777776973
2021-11-19T20:00:00.0,0.0,0.0,0.05621277777777586,0.49885083333333036
2021-11-19T21:00:00.0,0.0,0.0,0.04962527777777636,0.45351027777776437
2021-11-19T22:00:00.0,0.0,7.729166666664068e-5,0.22404611111112063,0.04667888888888725
2021-11-19T23:00:00.0,0.0,1.3194444444413737e-6,0.1529408333333367,0.16021194444444017
2021-11-20T00:00:00.0,0.0,1.5277777777762442e-5,0.16422888888889214,0.08744305555555273
2021-11-20T01:00:00.0,0.0,0.0,0.18282094503645174,0.05113552159281872
2021-11-20T02:00:00.0,0.0,0.0,0.07058638888888816,0.2076469444444461
2021-11-20T03:00:00.0,0.0,0.0014214583333331872,0.5386116666666734,0.0027141666666666785
2021-11-20T04:00:00.0,0.0,0.005610972222221906,0.6399566666666523,0.00218944444444451
2021-11-20T05:00:00.0,0.0,0.0020436111111108656,0.3529036111110975,0.07130277777777669
2021-11-20T06:00:00.0,0.0,0.012197499999999478,0.5650097222222187,0.03245888888888802
2021-11-20T07:00:00.0,0.0,7.770833333328705e-5,0.24914333333334035,0.05119555555555296
2021-11-20T08:00:00.0,0.0,0.0,0.057774999999998584,0.20034083333334324
2021-11-20T09:00:00.0,0.0,0.0,0.09982638888888731,0.14766583333333894
2021-11-20T10:00:00.0,0.0,0.0,0.10216722222221887,0.14100194444444789
2021-11-20T11:00:00.0,0.0,2.055555555553632e-5,0.15904583333333172,0.07752277777777697
2021-11-20T12:00:00.0,0.0,0.0,0.14247861111111335,0.09815388888888739
2021-11-20T13:00:00.0,0.0,0.0,0.1874252777777852,0.05871166666666467
2021-11-20T14:00:00.0,0.0,0.006759027777777347,0.7030322222222322,0.00038666666666667794
2021-11-20T15:00:00.0,0.0,0.0001627083333332983,0.23297055555556104,0.048431944444442106
2021-11-20T16:00:00.0,0.0,0.0,0.022572222222221543,0.35846694444444627
2021-11-20T17:00:00.0,0.0,0.0,0.02256972222222173,0.2811222222222221
2021-11-20T18:00:00.0,0.0,0.0,0.0353194444444437,0.25485638888889844
2021-11-20T19:00:00.0,0.0,0.0,0.018414166666666138,0.34215416666666526
2021-11-20T20:00:00.0,0.0,0.0,0.04317388888888662,0.2535719444444512
2021-11-20T21:00:00.0,0.0,0.0,0.03136083333333262,0.4163816666666609
2021-11-20T22:00:00.0,0.0,0.0,0.06774083333333018,0.31025916666666653
2021-11-20T23:00:00.0,0.0,0.0,0.016434444444444203,0.40734027777778303
2021-11-21T00:00:00.0,0.0,0.0,0.02528194444444376,0.3404608333333347
2021-11-21T01:00:00.0,0.0,0.0004978787031860755,0.300385631637784,0.03952785913918241
2021-11-21T02:00:00.0,0.0,0.0,0.21842111111112597,0.04489916666666562
2021-11-21T03:00:00.0,0.0,0.0,0.10370611111111055,0.07160944444444171
2021-11-21T04:00:00.0,0.0,0.0,0.035365833333331494,0.3496700000000032
2021-11-21T05:00:00.0,0.0,0.0,0.033938611111108956,0.2818863888889058
2021-11-21T06:00:00.0,0.0,0.0,0.15951638888888392,0.25723000000000956
2021-11-21T07:00:00.0,0.0,0.00014374999999998148,0.1650277777777798,0.07770138888888592
2021-11-21T08:00:00.0,0.0,0.0,0.19068138888889574,0.04921749999999722
2021-11-21T09:00:00.0,0.0,0.0,0.08393861111110922,0.19446833333333768
2021-11-21T10:00:00.0,0.0,0.0,0.0787480555555542,0.2776650000000012
2021-11-21T11:00:00.0,0.0,0.0016181249999998668,0.4369419444444346,0.010721944444444052
2021-11-21T12:00:00.0,0.0,0.0,0.2530697222222322,0.05055638888888665
2021-11-21T13:00:00.0,0.0,0.0,0.13218027777778055,0.06860527777777578
2021-11-21T14:00:00.0,0.0,0.0,0.004767222222222129,0.5640530555555437
2021-11-21T15:00:00.0,0.0,0.0032075694444442487,0.3017774999999911,0.10225277777777805
2021-11-21T16:00:00.0,0.0,0.00355458333333304,0.4326111111111136,0.013377499999999886
2021-11-21T17:00:00.0,0.0,0.0,0.13185472222222208,0.07683888888888553
2021-11-21T18:00:00.0,0.0,0.0015740972222219967,0.4777819444444295,0.03813666666666556
2021-11-21T19:00:00.0,0.0,0.0,0.016017222222221718,0.31182583333334263
2021-11-21T20:00:00.0,0.0,0.0,0.13192500000000174,0.06305055555555321
2021-11-21T21:00:00.0,0.0,0.0,0.0854266666666626,0.1116355555555529
2021-11-21T22:00:00.0,0.0,0.0,0.2534636111111293,0.03407749999999891
2021-11-21T23:00:00.0,0.0,0.0,0.1511441666666699,0.1063855555555551
2021-11-22T00:00:00.0,0.0,0.0,0.0393224999999984,0.19719416666667172
2021-11-22T01:00:00.0,0.0,0.0,0.0025704486662401476,0.49538575561180104
2021-11-22T02:00:00.0,0.0,0.0,0.15301277777778338,0.06606527777777643
2021-11-22T03:00:00.0,0.0,0.0002722916666665672,0.41370722222221795,0.002867500000000165
2021-11-22T04:00:00.0,0.0,0.0,0.3451433333333399,0.007093888888888591
2021-11-22T05:00:00.0,0.0,0.0,0.021374722222221927,0.5410599999999826
2021-11-22T06:00:00.0,0.0,0.0,0.06508194444444224,0.16970194444444991
2021-11-22T07:00:00.0,0.0,0.0,0.13062916666666718,0.43306416666666575
2021-11-22T08:00:00.0,0.0,0.0,0.24170972222222867,0.026323888888887963
2021-11-22T09:00:00.0,0.0,0.0,0.15111972222222383,0.06643111111110896
2021-11-22T10:00:00.0,0.0,0.0,0.012683611111110925,0.4928963888888796
2021-11-22T11:00:00.0,0.0,0.0,0.020637222222222,0.23684472222223238
2021-11-22T12:00:00.0,0.0,0.00032456051292030524,0.2957166560040013,0.12303330922644506
2021-11-22T13:00:00.0,0.0,0.0,0.005250833333333421,0.4531005555555463
2021-11-22T14:00:00.0,0.0,0.0,0.1546830555555615,0.060549999999998036
2021-11-22T15:00:00.0,0.0,0.0,0.19457250000000714,0.03704194444444344
2021-11-22T16:00:00.0,0.0,0.0,0.23944750000001325,0.02110222222222166
2021-11-22T17:00:00.0,0.0,0.0,0.2081533333333395,0.05581361111110912
2021-11-22T18:00:00.0,0.0,0.0,0.13050472222221957,0.07942722222222029
2021-11-22T19:00:00.0,0.0,0.0,0.15340750000000664,0.07870916666666379
2021-11-22T20:00:00.0,0.0,0.0,0.1302208333333364,0.07764555555555246
2021-11-22T21:00:00.0,0.0,1.368055555554344e-5,0.11661388888888885,0.14423333333333116
2021-11-22T22:00:00.0,0.0,0.00013256944444442337,0.367021666666682,0.008185000000000003
2021-11-22T23:00:00.0,0.0,0.0,0.20767777777778923,0.06431749999999653
2021-11-23T00:00:00.0,0.0,0.0006834027777776439,0.30268277777778135,0.08381944444444292
2021-11-23T01:00:00.0,0.0,0.0,0.08204157350474763,0.10851676076019677
2021-11-23T02:00:00.0,0.0,0.0,0.30244333333333967,0.030933333333332896
2021-11-23T03:00:00.0,0.0,0.0031783333333329777,0.5441849999999948,0.0017236111111111458
2021-11-23T04:00:00.0,0.0,0.0015652083333331246,0.23257694444444724,0.284817499999996
2021-11-23T05:00:00.0,0.0,0.00037381944444435296,0.18035611111110808,0.5663124999999943
2021-11-23T06:00:00.0,0.0,4.92361111110937e-5,0.15161472222222097,0.14579027777778006
2021-11-23T07:00:00.0,0.0,0.008719097222221764,0.6818027777777732,0.0009205555555555488
2021-11-23T08:00:00.0,0.0,0.0,0.03276944444444291,0.30890250000000263
2021-11-23T09:00:00.0,0.0,0.0,0.013389444444444195,0.49220805555555086
2021-11-23T10:00:00.0,0.0,0.0,0.0009508333333332916,0.6236833333333239
2021-11-23T11:00:00.0,0.0,0.0,0.01554388888888883,0.37762250000000364
2021-11-23T12:00:00.0,0.0,0.0,0.031203055555554235,0.3285627777777696
2021-11-23T13:00:00.0,0.0,0.0,0.019632777777777503,0.43199611111110203
2021-11-23T14:00:00.0,0.0,0.0,0.16340555555555872,0.12125138888889059
2021-11-23T15:00:00.0,0.0,3.8888888888828e-6,0.23769472222223334,0.04525944444444226
2021-11-23T16:00:00.0,0.0,0.00014097222222220725,0.20249083333333598,0.06428999999999827
2021-11-23T17:00:00.0,0.0,9.916666666663599e-5,0.3087286111111166,0.03497083333333255
2021-11-23T18:00:00.0,0.0,0.0,0.06575444444444276,0.673251944444443
2021-11-23T19:00:00.0,0.0,0.0,0.0006358333333333361,0.7041261111110972
2021-11-23T20:00:00.0,0.0,5.5694444444415365e-5,0.16294250000000524,0.13019444444444148
2021-11-23T21:00:00.0,0.0,0.0,0.03251254180601948,0.29314464882943264
2021-11-23T22:00:00.0,0.0,0.0,0.07581527777777564,0.22838555555555598
2021-11-23T23:00:00.0,0.0,8.048611111109254e-5,0.16986861111111737,0.1640236111111089
2021-11-24T00:00:00.0,0.0,0.0,0.007717714380954831,0.4952515347648456
2021-11-24T01:00:00.0,0.0,1.6319444444435577e-5,0.1552486111111157,0.0616386111111095
2021-11-24T02:00:00.0,0.0,0.0,0.09426944444444223,0.10870249999999643
2021-11-24T03:00:00.0,0.0,0.0,0.19879055555556266,0.026494166666666426
2021-11-24T04:00:00.0,0.0,8.638888888885346e-5,0.3691438888888914,0.082744999999999
2021-11-24T05:00:00.0,0.0,0.003160694444444139,0.5355377777777728,0.009758611111111055
2021-11-24T06:00:00.0,0.0,0.006932361111110868,0.4915455555555529,0.01347472222222216
2021-11-24T07:00:00.0,0.0,0.001562916666666496,0.3764822222222274,0.05989916666666415
2021-11-24T08:00:00.0,0.0,0.0,0.15966777777777635,0.23098777777778048
2021-11-24T09:00:00.0,0.0,0.0,0.22937388888889781,0.055002499999997706
2021-11-24T10:00:00.0,0.0,0.0,0.20832479249066482,0.04076112751378612
2021-11-24T11:00:00.0,0.0,0.0,0.16252638888889048,0.06407138888888647
2021-11-24T12:00:00.0,0.0,0.0,0.06381749999999732,0.4024811111111037
2021-11-24T13:00:00.0,0.0,0.0,0.008035555555555308,0.40453416666666314
2021-11-24T14:00:00.0,0.0,0.0,0.2446230555555654,0.06536361111110964
2021-11-24T15:00:00.0,0.0,0.0,0.1486841666666714,0.09600499999999693
2021-11-24T16:00:00.0,0.0,0.0,0.13625083333333082,0.16025888888889664
2021-11-24T17:00:00.0,0.0,0.0,0.1249797222222213,0.2641425000000028
2021-11-24T18:00:00.0,0.0,0.0,0.2414705555555578,0.025643333333333084
2021-11-24T19:00:00.0,0.0,0.0,0.02222194444444447,0.48530333333332953
2021-11-24T20:00:00.0,0.0,4.083333333331525e-5,0.1395541666666718,0.12245805555555325
2021-11-24T21:00:00.0,0.0,0.0,0.14361222222222836,0.19276694444444373
2021-11-24T22:00:00.0,0.0,0.0001662499999999546,0.2625063888888964,0.05096777777777588
2021-11-24T23:00:00.0,0.0,0.0006797916666665421,0.2491427777777951,0.06520666666666501
2021-11-25T00:00:00.0,0.0,8.958333333323832e-6,0.12539944444444798,0.19755444444444029
2021-11-25T01:00:00.0,0.0,0.0,0.15919246710617976,0.077368494255749
2021-11-25T02:00:00.0,0.0,0.00014923611111106736,0.19211277777778454,0.1853072222222215
2021-11-25T03:00:00.0,0.0,1.680555555554654e-5,0.19080888888888864,0.13885833333333703
2021-11-25T04:00:00.0,0.0,0.0012006249999998305,0.534777500000009,0.0028486111111112374
2021-11-25T05:00:00.0,0.0,0.005733194444444018,0.6598402777777684,0.006409166666666451
2021-11-25T06:00:00.0,0.0,0.0006613194444444077,0.14401388888889075,0.11910305555555374
2021-11-25T07:00:00.0,0.0,0.0,0.18282638888888894,0.16970638888889403
2021-11-25T08:00:00.0,0.0,0.0,0.21196694444444808,0.06567555555555342
2021-11-25T09:00:00.0,0.0,0.0,0.0017922222222222439,0.6171041666666642
2021-11-25T10:00:00.0,0.0,0.0,0.09621527777777657,0.3604922222222236
2021-11-25T11:00:00.0,0.0,9.812499999997535e-5,0.18587305555556896,0.05352916666666342
2021-11-25T12:00:00.0,0.0,0.0,0.08413666666666578,0.44939527777777505
2021-11-25T13:00:00.0,0.0,0.0008638194444442897,0.5165347222222247,0.0054866666666666545
2021-11-25T14:00:00.0,0.0,0.0,0.1208094444444463,0.0739586111111074
2021-11-25T15:00:00.0,0.0,0.0,0.13023972222222285,0.13045083333333835
2021-11-25T16:00:00.0,0.0,0.0002724999999999572,0.23555916666666468,0.053723611111108
2021-11-25T17:00:00.0,0.0,0.0,0.12129249999999926,0.1033466666666658
2021-11-25T18:00:00.0,0.0,8.541666666650732e-6,0.27037499999999964,0.04411055555555403
2021-11-25T19:00:00.0,0.0,0.0,0.2740408333333412,0.014142777777777503
2021-11-25T20:00:00.0,0.0,0.0,0.12432111111111004,0.08822222222222215
2021-11-25T21:00:00.0,0.0,5.569444444441048e-5,0.3009455555555599,0.023912500000000024
2021-11-25T22:00:00.0,0.0,0.0,0.2637450000000079,0.021317222222221786
2021-11-25T23:00:00.0,0.0,4.027777777768403e-6,0.1702797222222231,0.20328333333333481
2021-11-26T00:00:00.0,0.0,0.0012034722222220397,0.24356861111111033,0.13263583333333107
2021-11-26T01:00:00.0,0.0,0.0,0.049564939574938634,0.1602761494652095
2021-11-26T02:00:00.0,0.0,0.0,0.01578027777777741,0.26834694444445545
2021-11-26T03:00:00.0,0.0,0.0,0.11106416666666315,0.15264250000001184
2021-11-26T04:00:00.0,0.0,0.00017666666666661573,0.45371694444443506,0.007016666666666432
2021-11-26T05:00:00.0,0.0,0.0023972916666662666,0.6027761111111085,0.0052036111111110495
2021-11-26T06:00:00.0,0.0,0.00014013888888884571,0.2321533333333334,0.06468833333333145
2021-11-26T07:00:00.0,0.0,0.00145749999999984,0.4874916666666577,0.010842777777777625
2021-11-26T08:00:00.0,0.0,0.00017763888888883074,0.3753252777777771,0.015851388888888523
2021-11-26T09:00:00.0,0.0,0.0,0.004302222222222289,0.33992527777777903
2021-11-26T10:00:00.0,0.0,0.0,0.017393888888888234,0.28918027777779026
2021-11-26T11:00:00.0,0.0,0.0,0.00899777777777731,0.2629411111111179
2021-11-26T12:00:00.0,0.0,0.0,0.22313305555556792,0.03404777777777672
2021-11-26T13:00:00.0,0.0,0.00028091995553075145,0.35712645914396335,0.03586826014452397
2021-11-26T14:00:00.0,0.0,0.0,0.27964666666667,0.012336666666666721
2021-11-26T15:00:00.0,0.0,0.00480298611111066,0.47767944444444016,0.0432508333333319
2021-11-26T16:00:00.0,0.0,0.0,0.010877499999999886,0.30616527777779107
2021-11-26T17:00:00.0,0.0,0.0,0.010327222222222035,0.32012333333333337
2021-11-26T18:00:00.0,0.0,0.0,0.008275833333333243,0.3121616666666738
2021-11-26T19:00:00.0,0.0,0.0,0.010617777777777558,0.42582555555555796
2021-11-26T20:00:00.0,0.0,0.0,0.013753055555555473,0.30227666666666514
2021-11-26T21:00:00.0,0.0,0.0,0.025111388888888826,0.22706000000000015
2021-11-26T22:00:00.0,0.0,0.0,0.280520000000008,0.010094722222221958
2021-11-26T23:00:00.0,0.0,0.0010524999999997713,0.3676958333333378,0.11557083333333162
2021-11-27T00:00:00.0,0.0,0.0003036805555554959,0.16615583333333075,0.17304638888888946
2021-11-27T01:00:00.0,0.0,0.0,0.21084144645341907,0.06214408901251527
2021-11-27T02:00:00.0,0.0,0.0,0.012056111111111004,0.3662599999999928
2021-11-27T03:00:00.0,0.0,0.0,0.016941666666666123,0.18738750000001303
2021-11-27T04:00:00.0,0.0,0.0,0.008587777777777538,0.3927036111111057
2021-11-27T05:00:00.0,0.0,0.00036493055555542514,0.3966108333333181,0.20158444444444504
2021-11-27T06:00:00.0,0.0,9.444444444425422e-6,0.4677886111111109,0.0005130555555555739
2021-11-27T07:00:00.0,0.0,0.0013747222222219887,0.5284563888888849,0.003139444444444504
2021-11-27T08:00:00.0,0.0,0.0,0.3432566666666624,0.04698444444444354
2021-11-27T09:00:00.0,0.0,0.0,0.012799166666666634,0.31775194444445765
2021-11-27T10:00:00.0,0.0,0.0,0.03628305555555531,0.2485658333333547
2021-11-27T11:00:00.0,0.0,0.0,0.014941388888888699,0.25361916666668216
2021-11-27T12:00:00.0,0.0,0.0,0.07179222222221945,0.12294472222222239
2021-11-27T13:00:00.0,0.0,1.4305555555537552e-5,0.21085472222223664,0.04729388888888681
2021-11-27T14:00:00.0,0.0,0.0,0.25249694444445026,0.03719111111110944
2021-11-27T15:00:00.0,0.0,0.0,0.006012777777777752,0.42323500000000247
2021-11-27T16:00:00.0,0.0,0.0,0.0036336111111111903,0.6439241666666609
2021-11-27T17:00:00.0,0.0,0.0,0.0306177777777764,0.21336250000000545
2021-11-27T18:00:00.0,0.0,0.0,0.03778694444444204,0.11712527777777586
2021-11-27T19:00:00.0,0.0,0.0,0.2181944444444538,0.07670277777777543
2021-11-27T20:00:00.0,0.0,0.0,0.046947777777774466,0.14882333333333636
2021-11-27T21:00:00.0,0.0,0.0,0.04749944444444282,0.2879291666666715
2021-11-27T22:00:00.0,0.0,0.0,0.11254166666666175,0.07503999999999807
2021-11-27T23:00:00.0,0.0,0.0,0.1901643081367849,0.07569169375225439
2021-11-28T00:00:00.0,0.0,0.0,0.11808944444444279,0.10176305555555089
2021-11-28T01:00:00.0,0.0,0.0,0.024541466413322003,0.3506342908237383
2021-11-28T02:00:00.0,0.0,0.0,0.31415833333334164,0.02096222222222169
2021-11-28T03:00:00.0,0.0,0.0,0.07719888888888868,0.11861916666666977
2021-11-28T04:00:00.0,0.0,0.0,0.07225861111111002,0.07765916666666314
2021-11-28T05:00:00.0,0.0,0.0,0.001659444444444501,0.37008666666667955
2021-11-28T06:00:00.0,0.0,0.0,0.11948499999999725,0.3036638888888942
2021-11-28T07:00:00.0,0.0,0.0,0.26380111111112187,0.011670277777777136
2021-11-28T08:00:00.0,0.0,0.0,0.06124694444444135,0.0884280555555533
2021-11-28T09:00:00.0,0.0,0.0,0.04837638888888746,0.10769666666666765
2021-11-28T10:00:00.0,0.0,0.0,0.07546666666666321,0.0919497222222205
2021-11-28T11:00:00.0,0.0,0.0,0.07276555555555307,0.06963861111110803
2021-11-28T12:00:00.0,0.0,0.0,0.05820722222221913,0.09827499999999717
2021-11-28T13:00:00.0,0.0,0.0,0.11993692692414622,0.04360989163656398
2021-11-28T14:00:00.0,0.0,0.0,0.3099825000000055,0.011611944444444024
2021-11-28T15:00:00.0,0.0,0.0,0.00038888888888886767,0.4694624999999969
2021-11-28T16:00:00.0,0.0,0.0,0.1320938888888868,0.2139044444444463
2021-11-28T17:00:00.0,0.0,0.0,0.12545722222222122,0.053656666666663785
2021-11-28T18:00:00.0,0.0,0.0,0.08934805555555524,0.07369027777777773
2021-11-28T19:00:00.0,0.0,0.0,0.04762527777777499,0.21801888888888513
2021-11-28T20:00:00.0,0.0,0.0,0.09912499999999946,0.21945583333334595
2021-11-28T21:00:00.0,0.0,0.0014559027777776032,0.2614272222222245,0.16802999999999796
2021-11-28T22:00:00.0,0.0,0.0,0.05070972222221964,0.14551833333333353
2021-11-28T23:00:00.0,0.0,0.0,0.0393333333333304,0.4948308333333237
2021-11-29T00:00:00.0,0.0,0.0,0.04550833333333124,0.2740444444444541
2021-11-29T01:00:00.0,0.0,5.624999999992828e-6,0.2585177777777916,0.020745555555555274
2021-11-29T02:00:00.0,0.0,0.0,0.15558305555556223,0.13091833333333175
2021-11-29T03:00:00.0,0.0,0.0,0.11420583333333219,0.2617749999999957
2021-11-29T04:00:00.0,0.0,0.0,0.050138055555551474,0.11967194444443872
2021-11-29T05:00:00.0,0.0,0.0,0.0010208333333333378,0.5538108333333384
2021-11-29T06:00:00.0,0.0,0.0,0.2105002777777766,0.10810944444444161
2021-11-29T07:00:00.0,0.0,2.0208333333318854e-5,0.23934250000000298,0.07006222222222055
2021-11-29T08:00:00.0,0.0,5.555555555542627e-7,0.13757861111111025,0.20332333333334268
2021-11-29T09:00:00.0,0.0,0.0,0.0014708333333333255,0.44368055555555824
2021-11-29T10:00:00.0,0.0,0.0,0.0979102777777748,0.21944222222223314
2021-11-29T11:00:00.0,0.0,0.0,0.2955338888888985,0.00750722222222219
2021-11-29T12:00:00.0,0.0,0.0001778472222221893,0.44933888888888096,0.0011713888888889058
2021-11-29T13:00:00.0,0.0,0.0006730992196208745,0.6140999080267505,6.293478260868961e-5
2021-11-29T14:00:00.0,0.0,0.0001618816365207079,0.14197820294863023,0.05123085755692207
2021-11-29T15:00:00.0,0.0,0.0,0.13266388888888977,0.05426138888888653
2021-11-29T16:00:00.0,0.0,0.0,0.10345083333333087,0.11049833333332967
2021-11-29T17:00:00.0,0.0,0.0,0.005160555555555445,0.3794505555555471
2021-11-29T18:00:00.0,0.0,0.0,0.0032474999999999796,0.7209841666666532
2021-11-29T19:00:00.0,0.0,0.0,0.13377722222222202,0.08455722222222053
2021-11-29T20:00:00.0,0.0,7.680555555553472e-5,0.1279580555555599,0.17754027777777107
2021-11-29T21:00:00.0,0.0,0.0,0.03990166666666577,0.25770055555556376
2021-11-29T22:00:00.0,0.0,0.0038771527777775846,0.34096194444445116,0.02314305555555502
2021-11-29T23:00:00.0,0.0,2.777932107332832e-7,0.25091755097506574,0.022435135285292805
2021-11-30T00:00:00.0,0.0,0.0003108333333332545,0.19579444444445301,0.11168222222221907
2021-11-30T01:00:00.0,0.0,0.0,0.16261388873434954,0.12394698191932937
2021-11-30T02:00:00.0,0.0,0.0,0.018762499999999207,0.3223547222222215
2021-11-30T03:00:00.0,0.0,0.0,0.007407499999999982,0.5066180555555707
2021-11-30T04:00:00.0,0.0,1.993055555552493e-5,0.5275355555555382,0.0022180555555555786
2021-11-30T05:00:00.0,0.0,9.111111111104345e-5,0.3842900000000061,0.05993583333333148
2021-11-30T06:00:00.0,0.0,0.0,0.005641666666666671,0.5215674999999966
2021-11-30T07:00:00.0,0.0,0.0,0.0795722222222195,0.26552000000000464
2021-11-30T08:00:00.0,0.0,0.0,0.21770305555555503,0.057819999999996666
2021-11-30T09:00:00.0,0.0,0.0,0.2022886111111199,0.03448944444444273
2021-11-30T10:00:00.0,0.0,0.0,0.23999277777778408,0.039381944444443207
2021-11-30T11:00:00.0,0.0,3.541666666659411e-6,0.13479416666666688,0.10726194444444312
2021-11-30T12:00:00.0,0.0,0.0,0.04768666666666317,0.17614222222222484
2021-11-30T13:00:00.0,0.0,0.0,0.009715277777777647,0.30236444444445737
2021-11-30T14:00:00.0,0.0,0.0,0.2032166666666681,0.05153944444444114
2021-11-30T15:00:00.0,0.0,2.8472222222165833e-6,0.2392805555555572,0.06990944444444237
2021-11-30T16:00:00.0,0.0,0.00014611111111107283,0.26389138888889213,0.06465249999999774
2021-11-30T17:00:00.0,0.0,6.708333333330588e-5,0.2582527777777829,0.036768888888886984
2021-11-30T18:00:00.0,0.0,0.0,0.13215916666666355,0.062126388888885345
2021-11-30T19:00:00.0,0.0,0.0,0.16916194444445604,0.04545611111110941
2021-11-30T20:00:00.0,0.0,0.0,0.11111777777777912,0.0867788888888865
2021-11-30T21:00:00.0,0.0,0.0,0.07487999999999777,0.1450455555555573
2021-11-30T22:00:00.0,0.0,0.00023326388888887076,0.2633302777777841,0.02447611111111084
2021-11-30T23:00:00.0,0.0,0.0,0.11870083333333102,0.08945805555555326
